stock_id,weight
300316,0.21184134483337402
600183,0.2019784301519394
600584,0.20130015909671783
688396,0.19770143926143646
601877,0.1871785968542099
