stock_id,weight
600115,0.20491904900507876
600029,0.18199059091971115
000768,0.13915664809412495
600584,0.13871103934356682
300433,0.1378174158724914
