stock_id,weight
600372,0.20411226398833274
600115,0.20318479998235053
600029,0.19504823280697034
000768,0.1802039160915141
600584,0.17962686018844878
