stock_id,weight
600115,0.2072273933859283
000768,0.11618574403443926
300433,0.11506758176158595
000063,0.11008441177755861
600018,0.10989771123935844
