stock_id,weight
600115,0.20796021604629383
600029,0.1849800558728519
300433,0.14068941906081384
000063,0.13459666261070033
600018,0.13436838964431322
