stock_id,weight
600115,0.11090893494679986
600183,0.10972675028367845
688008,0.09377617553764965
601888,0.08937125331068652
688041,0.08833809017164716
