stock_id,weight
600115,0.1109089334684739
600183,0.10972674882111005
000063,0.0935948299180953
688041,0.0885928113720667
002241,0.08830862711893245
