stock_id,weight
600183,0.20196954728969846
300433,0.11556351617756658
000063,0.11330555744653086
002920,0.11271933050840931
002241,0.11259513464774944
