stock_id,weight
600183,0.20696905255893597
601100,0.11447111169576515
002241,0.11320952075861375
002475,0.11094250349978031
601601,0.11056088301094998
