stock_id,weight
600115,0.11090893125098486
600183,0.10972674662725736
688008,0.0915249945682038
601919,0.09149555659945474
600000,0.08879856075138713
