stock_id,weight
600183,0.21131650410283134
600584,0.11565902020154575
600460,0.111355694652562
300433,0.10924123189505697
601100,0.10858061339909393
