stock_id,weight
600115,0.1109089334684739
600183,0.10972674882111005
000063,0.09171553924558425
002241,0.08967740966109342
300433,0.0887087378909855
