stock_id,weight
600029,0.1651484909105256
000063,0.11103107526637089
601888,0.10263437001739337
601668,0.10253849769140376
601658,0.10249709439392163
