stock_id,weight
600183,0.2033013329071348
688041,0.11543100265093027
002241,0.11436623675689112
600460,0.11416545286629631
300433,0.10888903543335976
