stock_id,weight
600115,0.2104329917210053
600183,0.1966718117855554
002601,0.161189300957669
002241,0.15565908514226562
002236,0.1540696701865424
