stock_id,weight
601668,0.19999999999999998
601018,0.19999999999999996
601818,0.19999999999999998
688396,0.2
600183,0.2
