stock_id,weight
000792,0.2
600233,0.19999999999999998
601668,0.2
601018,0.2
601669,0.19999999999999996
