stock_id,weight
002709,0.22866345030893334
300274,0.21351630237835542
300661,0.20999135299427513
002384,0.19528976000144566
601868,0.15253913431699043
