stock_id,weight
605117,0.2189637939324731
300274,0.21620129735839613
300661,0.21263202128218167
002384,0.19774555386550421
601868,0.1544573335614449
