stock_id,weight
002709,0.2239702145716744
605117,0.21180615058068766
300274,0.2091339564483188
300661,0.20568135539274945
601868,0.14940832300656967
