stock_id,weight
002709,0.22724247163180258
605117,0.21490068782949864
300274,0.2121894523177553
002384,0.1940761747763075
601868,0.15159121344463597
