stock_id,weight
002709,0.21496878692832486
605117,0.20329360018413337
300274,0.2007288023061169
300661,0.19741496228465422
002384,0.1835938482967707
