stock_id,weight
002709,0.2280413104587233
605117,0.21565614085787588
300661,0.2094200155605018
002384,0.1947584221690518
601868,0.15212411095384723
