stock_id,weight
300803,0.21254651596617588
603993,0.2065378636636677
601888,0.20285832725900155
600515,0.20218312835747673
302132,0.17587416475367817
