stock_id,weight
601169,0.21436398349059393
601607,0.2052794197538896
000538,0.19894577719438017
601995,0.19406109661091814
601059,0.1873497229502182
