stock_id,weight
300803,0.2132751223896042
300251,0.20381788678400042
601888,0.2035537227098042
600515,0.20287620923608088
302132,0.1764770588805102
