stock_id,weight
300803,0.21234723646850479
603993,0.20634421776204534
300251,0.20293114600759785
601888,0.2026681312194626
302132,0.17570926854238947
