stock_id,weight
000001,0.2097061004169483
601607,0.2064964814905545
000538,0.2001252879967033
601995,0.19521164709251798
601059,0.18846048300327586
