stock_id,weight
601169,0.21234156924714667
000001,0.20650331295013236
601607,0.2033427137101009
601995,0.1922302296924456
601059,0.18558217440017435
