stock_id,weight
601169,0.2099301745100866
000001,0.20415821865795525
601607,0.20103351183597643
000538,0.19483087151295467
601995,0.19004722348302702
