stock_id,weight
300803,0.20690878455864523
603993,0.20105950992294466
300251,0.1977338507805479
601888,0.1974775720973916
600515,0.19682028264047075
