stock_id,weight
603993,0.20850298913431498
300251,0.20505420985350734
601888,0.2047884434069962
600515,0.2041068202569796
302132,0.17754753734820194
