stock_id,weight
601169,0.21368218733463692
000001,0.2078070712177629
000538,0.1983130194711549
601995,0.19344387487648468
601059,0.18675384709996057
