stock_id,weight
000001,0.2
000538,0.2
601169,0.2
601995,0.19999999999999998
601059,0.19999999999999996
