stock_id,weight
000001,0.2
000538,0.2
601607,0.2
601995,0.19999999999999996
601059,0.19999999999999987
