stock_id,weight
300803,0.2124905753536834
603993,0.20648350448236702
300251,0.20306812883214742
600515,0.20212991530910213
302132,0.17582787602269992
