stock_id,weight
601169,0.21131908155748502
000001,0.2055089381976311
601607,0.20236355818116641
000538,0.19611988092347232
601059,0.1846885411402451
