stock_id,weight
300418,0.2
600875,0.2
300316,0.19999999999999998
600183,0.19999999999999996
600482,0.19999999999999996
