stock_id,weight
300418,0.21862785480989014
600875,0.21454657533236188
002493,0.1918344330388357
600183,0.18775461558819867
600482,0.18723652123071355
