stock_id,weight
300418,0.2175209907853002
600875,0.21346037391470238
300316,0.19592599489749943
600183,0.18680405588195265
600482,0.18628858452054525
