stock_id,weight
300418,0.22254998752379873
300316,0.20045572412394974
002493,0.19527589801652567
600183,0.1911228895925617
600482,0.19059550074316406
