stock_id,weight
300418,0.21653044334224175
600875,0.21248831771538038
300316,0.19503378678198033
002493,0.18999406489317855
600183,0.18595338726721902
