stock_id,weight
300418,0.2
600875,0.2
002493,0.19999999999999996
600183,0.19999999999999993
600482,0.1999999999999999
