stock_id,weight
600875,0.21930659938340397
300316,0.20129199103225823
002493,0.19609055557851413
600183,0.191920221515534
600482,0.19139063249028962
