stock_id,weight
300316,0.2
300418,0.2
002493,0.19999999999999998
600183,0.19999999999999996
600482,0.19999999999999996
