stock_id,weight
300418,0.21664160735190643
600875,0.21259740654852338
300316,0.1951339146781972
002493,0.1900916054594842
600482,0.1855354659618888
