stock_id,weight
300418,0.2
600875,0.2
002493,0.19999999999999998
300316,0.19999999999999998
600482,0.19999999999999996
