stock_id,weight
000792,0.2
300502,0.2
600233,0.2
600930,0.19999999999999996
002463,0.1999999999999999
