stock_id,weight
300502,0.27274849130779566
000792,0.20860535203234706
600233,0.19457374901602498
600930,0.1712784602851137
002463,0.15279394735871846
