stock_id,weight
300502,0.26755896547058483
000792,0.204636263664666
600233,0.19087163688730144
601669,0.1870463636072637
002463,0.14988677037018405
