stock_id,weight
300502,0.2738162288194368
000792,0.20942198628182007
601669,0.19142072031580182
600930,0.17194896972076873
002463,0.15339209486217253
