stock_id,weight
000792,0.22725731674553537
600233,0.21197111042311345
601669,0.20772298095733943
600930,0.1865929273696964
002463,0.16645566450431526
