stock_id,weight
300502,0.27772845993402645
600233,0.19812636689098298
601669,0.19415570100421997
600930,0.1744057419594472
002463,0.15558373021132346
