stock_id,weight
300502,0.2627937753099207
000792,0.20099171858872408
600233,0.18747223801294297
601669,0.18371509234942457
600930,0.16502717573898767
