stock_id,weight
300418,0.2268566658329875
600183,0.19482140610184592
600584,0.19416717896666116
600115,0.1934587734014706
688396,0.19069597569703484
