stock_id,weight
600875,0.2211530562901852
300316,0.20298677353386219
600183,0.1935360981903112
600584,0.19288618723028203
688396,0.18943788475535925
