stock_id,weight
300418,0.22457327970828328
300316,0.20227814840025668
600183,0.19286046528551645
600115,0.19151154792645447
688396,0.18877655867948903
