stock_id,weight
300418,0.22380422918511894
300316,0.20158544748742324
600183,0.1922000152002783
600584,0.19155459092251076
600115,0.19085571720466885
