stock_id,weight
300418,0.22471881708079436
300316,0.20240923714898415
600584,0.19233738895477615
600115,0.19163565925228518
688396,0.18889889756316022
