stock_id,weight
300316,0.2
600183,0.2
600115,0.19999999999999998
600584,0.19999999999999998
688396,0.19999999999999993
