stock_id,weight
300418,0.21754531949146058
600875,0.21348424845984443
300316,0.19594790830430137
600183,0.1868249490425102
600584,0.18619757470188347
