stock_id,weight
300418,0.22441590239409362
300316,0.20213639515269383
600183,0.19272531179762406
600584,0.19207812352844056
688396,0.18864426712714788
