stock_id,weight
300418,0.21840936920107948
600875,0.21433216834762295
300316,0.196726177097519
600584,0.18693711697624263
688396,0.183595168377536
