stock_id,weight
300316,0.20904287114896225
600183,0.199310235501236
600584,0.1986409344886111
600115,0.1979162067348513
688396,0.19508975212633922
