stock_id,weight
300418,0.21827188712672724
600875,0.21419725274756132
300316,0.1966023439350238
600183,0.18744891540387318
688396,0.1834796007868144
