stock_id,weight
300418,0.22042831489277814
600875,0.21631342496431813
600183,0.18930082611584842
600584,0.1886651375658277
688396,0.1852922964612276
