stock_id,weight
002028,0.069718
600188,0.170397
000157,0.150096
601225,0.067315
600150,0.070846
