stock_id,weight
002028,0.06973
600188,0.170452
000157,0.150134
601225,0.067327
600150,0.07085
