stock_id,weight,true_return,weighted_contribution,contribution_ratio
300316,0.18,-0.1246328928046989,-0.022433920704845803,0.3818110213645972
600115,0.18,-0.0646950092421442,-0.011645101663585957,0.19819220271684046
600183,0.18,-0.0226797970754999,-0.004082363473589982,0.06947922246583643
600584,0.18,0.0282171868319795,0.00507909362975631,0.08644293397920368
688396,0.18,-0.0862007168458781,-0.015516129032258057,0.2640746194735223
