stock_id,weight
600115,0.11090893051182181
600183,0.10972674589597309
601888,0.09145474246088978
600000,0.08893623958350005
000063,0.0883857462445012
