stock_id,weight
600115,0.1109089334684739
600183,0.10972674882111005
601888,0.0923105977336777
601919,0.08960854406511387
000063,0.08858975805407628
