stock_id,weight
600115,0.19752550080264578
601888,0.11861607404657096
601919,0.11397606777464983
600000,0.11293263052466737
000063,0.11258066522526215
