stock_id,weight
600183,0.19878511712412303
600000,0.11684325692493945
688008,0.11528167351361636
000063,0.11307972537459016
000983,0.112163291313821
