stock_id,weight
002028,0.167695
600188,0.199135
000157,0.201943
601225,0.161916
600150,0.17039
