fold_id,basket_days,basket_mean_return,basket_positive_rate,basket_cumulative_return,basket_max_drawdown
1,20,0.0033376704709508443,0.6,0.06753215376331778,-0.04315256093199038
2,20,0.012437644381185357,0.8,0.27607746949468703,-0.054708326768693194
3,20,0.008898505760210354,0.5,0.17816267387193885,-0.1067897237256703
