primary_regime,days,mean_return,cumulative_return,positive_rate,max_drawdown
high_volatility_range,18,0.012773676510326334,0.24197278194727212,0.5555555555555556,-0.05841283526446073
low_volatility_trend,9,0.012027249364799382,0.11215446180873423,0.6666666666666666,-0.017216390624931854
low_volatility_range,31,0.006685840411597729,0.22487817669051924,0.7096774193548387,-0.04083671002690337
high_volatility_trend,2,-0.025978030990833484,-0.05137802454518059,0.0,-0.016138282128471793
