stock_id,weight
600115,0.1109089334684739
600183,0.10972674882111005
000063,0.08975493738745881
002241,0.08950556759706313
002736,0.08908888925608816
