stock_id,weight
600115,0.1109089342076369
600183,0.10972674955239425
600426,0.09729527793637423
000063,0.08953152669478107
601888,0.08726113255712628
