stock_id,weight
600372,0.2067346660275857
600115,0.20097091195073985
688396,0.19759472615734558
600029,0.1975541800989455
600183,0.19714551576538336
