stock_id,weight
002493,0.20683500119782974
600372,0.20423963634374467
600115,0.198545426238669
688396,0.19520999526903068
600029,0.1951699409507259
