stock_id,weight
600372,0.2078799158334732
600115,0.20208421349525452
688396,0.1986893266439438
600029,0.1986485719680786
000768,0.19269797205924988
