label,feature_set,feature_count,rank_ic_mean,top5_mean_return_mean,cumulative_return_after_cost,sharpe_after_cost,max_drawdown_after_cost,avg_turnover,score_self_case_slice,notes
current_refined_default,base,16,0.00858413563307822,0.017534048047474538,0.8441553414974963,3.308486234105885,-0.0435327490891476,0.7024148071951515,-0.03873912619019163,当前正式默认方案基线。
alpha_v3_relative_strength,base_alpha_v3_relative_strength,20,0.021914175213513073,0.008333347889085782,0.8356348457330385,2.743790922773695,-0.1128652380032608,0.7438147242346654,-0.034037262510847564,只测试相对强弱子特征。
alpha_v3_trend_persistence,base_alpha_v3_trend_persistence,20,0.02942399129146561,0.00857383602287075,0.4492906195187842,3.098483819579119,-0.0650939188995173,0.7366590394888385,-0.028198549917920653,只测试趋势持续子特征。
alpha_v3_crowding_risk,base_alpha_v3_crowding_risk,22,0.021013922723825875,0.012678601098035334,0.4818456395258108,2.645177187119488,-0.0887243430236963,0.7753222260298421,-0.01241096876588774,只测试拥挤风险子特征。
alpha_v3_selected5,base_alpha_v3_selected5,21,0.03415301405185741,0.012774733385346541,0.2535157650906541,1.6833184440006448,-0.0820681931171573,0.7806406437216258,-0.023243475829566568,优先押注的 5 个 alpha v3 子特征组合。
